Country.Name,X2006,X2007,X2008,X2009,X2010,X2011,X2012,X2013,X2014,X2015,Continent,Built_up_Land,Carbon,Cropland,Fishing,Forest_Products,Grazing_Land,BC2015,EF_Rank,Total_EF,EF_rank
Armenia,1.5943202,1.888293372,2.22606902,1.963834899,1.88948125,2.09951904,2.1869477,2.057958369,2.061019101,1.994521271,Asia,0.052911934,0.867534933,0.607197797,0.009012935,0.22270942,0.236829404,0.824460618,Low,1.996196422,Medium & Low
Afghanistan,0.631038278,0.674503853,0.65656496,0.769933011,0.787598617,0.767798005,0.779172987,0.758125739,0.755985423,0.722090945,Asia,0.039021656,0.127728616,0.30103075,0.00019927,0.07435014,0.18795075,0.443252309,Low,0.730281182,Medium & Low
Albania,2.019640524,2.15991001,2.145560188,2.192524217,2.112900878,2.340390587,2.2010737,2.1472313,2.038364942,2.081299137,Europe,0.03507012,1.040769027,0.618349371,0.03067465,0.167414298,0.251612082,1.030768009,Low,2.143889548,Medium & Low
Angola,0.734566927,0.778232143,0.960108983,1.14417858,0.9345552,1.002013111,1.055118965,1.356577281,1.784510573,1.160288302,Africa,0.044190899,0.373010214,0.352893309,0.095828275,0.103930592,0.121161718,2.003578638,Low,1.091015007,Medium & Low
Argentina,3.145161132,3.289540954,3.606413847,2.884407636,3.251171933,3.333579843,3.287436777,3.606784469,3.752542869,3.67631086,Latin America and the Caribbean,0.100257327,1.256617795,0.721414712,0.111833519,0.246702153,0.946509525,6.856382657,Medium,3.383335032,Medium & Low
Australia,9.190882937,8.651156971,8.970472499,8.443093311,8.317668463,8.802503658,8.010538737,7.394940471,6.750492442,6.399643872,Oceania,0.058005989,5.361152698,0.797397471,0.124153139,1.006232175,0.746197864,12.41306479,Very High,8.093139336,Very High
Austria,6.597975505,6.546327767,6.579942347,5.949645492,6.301204395,6.547258657,6.06222371,6.134596155,6.022053676,5.967516714,Europe,0.139170987,4.15617124,0.851827954,0.059641174,0.812864641,0.251198446,2.83651945,High,6.270874442,High
Bahamas,4.474337738,4.054334178,3.391717666,4.006145565,3.997153815,3.595060588,4.745291715,5.124093886,4.101011853,4.11445622,Latin America and the Caribbean,0.037529731,2.377427645,0.714646539,0.137596917,0.178937699,0.714221792,9.27179979,High,4.160360322,High
Bahrain,10.45617556,10.97023453,11.83562668,10.71771312,10.92054732,9.831448494,7.879731832,6.245810684,8.96084087,8.733932507,Asia,0.081316533,8.442963797,0.477136488,0.056253545,0.211421439,0.386114359,0.53672507,Very High,9.65520616,Very High
Barbados,4.705061452,4.376933245,4.456082484,4.446707515,4.766195179,4.182002478,3.727474051,3.479349395,3.631466689,3.856722623,North America,0.039412363,2.799413788,0.600250567,0.254196783,0.174808109,0.294717902,0.168393431,High,4.162799511,High
Bangladesh,0.62490106,0.655947862,0.661135877,0.696183897,0.737259489,0.767516053,0.742998798,0.768194752,0.806232485,0.877376675,Asia,0.07081015,0.236367591,0.322486429,0.01938873,0.080259343,0.004462451,0.405566354,Low,0.733774695,Medium & Low
Bhutan,4.293246231,4.159694973,4.347016273,3.976177172,4.195341915,4.359246225,4.619334164,4.633400174,4.515451655,4.488448182,Asia,0.255589275,0.471344548,0.456371358,0.023683362,2.748778364,0.402968791,5.027467835,High,4.358735696,High
Bolivia,2.635878054,2.694953866,2.774880563,2.866834675,2.879218314,3.043436081,3.133338647,3.084525927,3.11662789,3.152022906,Latin America and the Caribbean,0.056610474,0.616837116,0.420007633,0.007831353,0.172471881,1.664413237,16.15559969,Medium,2.938171692,Medium & Low
Botswana,3.352736304,2.6259269,3.14251319,2.913795101,2.79162575,3.493030863,3.172281917,2.845663758,2.575041795,2.51929074,Africa,0.021330163,1.819899991,0.286225516,0.020572697,0.206437013,0.588725251,3.163927416,Medium,2.943190632,Medium & Low
Brazil,2.69099983,2.775850741,2.921547854,2.782838558,2.995912378,3.135030884,3.088865755,3.104690146,3.101361909,2.912243866,Latin America and the Caribbean,0.088908183,0.798219462,0.659156812,0.042580711,0.526637709,0.835431315,8.883636954,Medium,2.950934192,Medium & Low
Brunei Darussalam,6.863590961,6.903184847,7.329789742,6.586246256,4.697699243,5.587885659,5.606570924,6.767261138,5.783005495,4.893813647,Asia,0.026593349,5.09277346,0.369096027,0.165459841,0.256969656,0.191012459,2.828233968,High,6.101904791,High
Myanmar,1.432354885,1.463168717,1.493557135,1.528894754,1.579630916,1.449408581,1.412983484,1.477336291,1.602381963,1.677377691,Asia,0.122858777,0.112459229,0.88467731,0.051632623,0.333997114,0.006084389,1.921580004,Low,1.511709442,Medium & Low
Burundi,0.984030881,0.899517111,0.894659627,0.862710063,0.881801438,0.852956137,0.648123533,0.706301853,0.657819131,0.646332143,Africa,0.037972215,0.033227307,0.251199559,0.002437869,0.412088579,0.066499662,0.359203307,Low,0.803425192,Medium & Low
Cameroon,1.098022493,1.178007219,1.173399544,1.205558515,1.238424358,1.256151678,1.257893125,1.308528324,1.304425585,1.316498204,Africa,0.05514445,0.186437389,0.557197435,0.086579916,0.238697224,0.10963449,1.702672016,Low,1.233690905,Medium & Low
Canada,8.796729136,8.659373112,8.551235189,7.975056004,8.335679949,8.391235523,8.271600506,8.74813283,7.765583843,7.757967037,North America,0.061556596,5.624115937,1.023741912,0.139884177,1.183336875,0.292623816,15.16347343,Very High,8.325259313,Very High
Central African Republic,1.308199761,1.282728933,1.248116209,1.256185522,1.185098122,1.219067838,1.237881739,1.221299341,1.168559093,1.191320315,Africa,0.034902509,0.036131619,0.313662241,0.017615118,0.266838241,0.562695958,7.740404961,Low,1.231845687,Medium & Low
Sri Lanka,1.235933083,1.251766654,1.256988147,1.210639622,1.316888489,1.415960287,1.402750415,1.350865929,1.485020612,1.586662909,Asia,0.056906204,0.488780434,0.355410233,0.267431308,0.171121438,0.011697998,0.506683678,Low,1.351347615,Medium & Low
Chad,1.475085806,1.509156934,1.49730802,1.456800904,1.709004131,1.455660399,1.657935454,1.558366139,1.613713325,1.49641868,Africa,0.052207055,0.032565719,0.396207799,0.012480357,0.274231329,0.77525272,1.892114665,Low,1.542944979,Medium & Low
Chile,3.749582786,3.808262549,3.862808121,3.336364684,4.014983885,4.219391317,4.196005652,4.246415243,3.996758453,4.284819785,Latin America and the Caribbean,0.105853784,1.620481418,0.533790549,0.343671363,0.994446279,0.373295855,3.505584028,Medium,3.971539248,Medium & Low
Colombia,1.943070029,1.939224911,1.913128178,1.926086212,2.032938073,1.993847537,1.909564812,1.935708706,1.997011718,2.0035288,Latin America and the Caribbean,0.097400595,0.667057586,0.361667993,0.036199947,0.156008398,0.641076378,3.688093308,Low,1.959410898,Medium & Low
Congo,0.857453672,0.841227372,0.823614836,0.818495568,0.799365549,0.795478755,0.783180023,0.777549903,0.76424211,0.722464067,Africa,0.050046538,0.065425147,0.147680488,0.014780275,0.504673479,0.015701259,0.279249595,Low,0.798307186,Medium & Low
Costa Rica,2.598141285,2.780136976,2.707722214,2.172648381,2.429908462,2.450680706,2.518362644,2.517842261,2.515642751,2.529976572,North America,0.101704274,1.060704635,0.365962745,0.05184395,0.72774771,0.214142912,1.537798569,Medium,2.522106225,Medium & Low
Cuba,1.892674033,1.946948128,1.936414505,1.867926264,1.973153664,1.965515651,1.931968462,1.864999426,1.85500941,1.857141683,North America,0.024242788,1.122090238,0.519612187,0.026640939,0.098446619,0.118142351,0.792037019,Low,1.909175123,Medium & Low
Azerbaijan,2.308993246,2.266689075,1.879381962,2.045015354,1.908045838,2.14871903,2.247035418,2.296512977,2.164817202,2.155216669,Europe,0.050125322,1.187424991,0.575224525,0.009633232,0.087189697,0.23244491,0.768895298,Medium,2.142042677,Medium & Low
Benin,1.173815794,1.217236686,1.302127863,1.316689655,1.250721344,1.359682714,1.308977584,1.414084741,1.402730746,1.322231063,Africa,0.037986785,0.34298923,0.519874914,0.07336691,0.287820456,0.044791525,0.913544565,Low,1.306829819,Medium & Low
Denmark,8.295613989,8.21222125,8.144751698,7.230426569,7.245162999,7.028801177,6.844741928,6.956985027,7.057796346,7.223513987,Europe,0.206267621,3.901373389,1.20068317,0.617969433,1.005107649,0.492600235,4.443469085,Very High,7.424001497,Very High
Dominican Republic,1.614328585,1.601926891,1.563602121,1.448255228,1.660681106,1.69226335,1.566883593,1.571894621,1.63735712,1.676415597,North America,0.044599865,0.878185781,0.393484166,0.042891038,0.116731797,0.127468175,0.600218273,Low,1.603360821,Medium & Low
Belarus,4.417803159,4.513908221,4.812543567,4.42780376,4.527020701,4.245945878,4.766126228,4.665317459,4.776573241,4.080985548,Europe,0.071267098,2.449759817,1.087385345,0.085396823,0.645423644,0.184170049,3.248318828,High,4.523402776,High
El Salvador,2.045557226,2.098282788,2.011957032,1.933076738,1.963010531,1.938006043,1.961581627,1.863501596,1.964027395,1.992792621,North America,0.04663322,0.754294301,0.431130432,0.119094851,0.409743009,0.216283547,0.561536499,Low,1.97717936,Medium & Low
Estonia,8.107480608,7.930233265,6.679832933,6.177294931,6.157307803,5.829197868,6.993753693,6.137701374,6.79641419,7.100528158,Europe,0.063301718,3.519866923,0.648347016,0.045567283,2.378012109,0.135879434,10.06299396,Very High,6.790974482,Very High
Fiji,2.871489418,2.535903595,2.372096107,2.240955735,2.590043665,3.059326083,3.350403505,3.131970075,3.857627914,3.095106173,Oceania,0.044600058,0.807318149,0.5188834,0.704341276,0.621255095,0.214094248,2.364895106,Medium,2.910492227,Medium & Low
France,5.477134955,5.577122576,5.654084262,5.302052248,5.248114569,5.067027918,4.988357012,4.834305818,4.749152195,4.698415924,Europe,0.160519189,2.998958829,0.953185529,0.185512547,0.581634895,0.27976576,2.719357122,High,5.159576748,High
Gambia,1.113218722,1.205342167,1.192835564,1.234757304,1.359045552,1.0628522,0.999509635,0.932627114,1.03423819,1.115115249,Africa,0.028860126,0.245278275,0.477877692,0.100460613,0.209969606,0.062507858,0.7297525,Low,1.12495417,Medium & Low
Germany,5.450522121,5.428992563,5.343926826,5.042418312,5.392067588,5.302762094,5.121603301,5.146429209,5.028058001,4.940209926,Europe,0.137950419,3.482958467,0.871909941,0.053421248,0.508396007,0.165062913,1.679493883,High,5.219698994,High
Bosnia and Herzegovina,3.089899153,3.157040842,3.483962964,3.294190417,3.187501481,3.481976032,3.37426345,3.3936753,3.321403982,3.444804323,Europe,0.01754312,1.768995905,0.726192114,0.020807251,0.484616453,0.304716952,1.773851261,Medium,3.322871794,Medium & Low
Ghana,1.767711525,1.788998618,1.808973298,1.843506589,1.907671813,1.935283361,2.003538213,1.995076881,1.900055448,1.991097484,Africa,0.069848673,0.358139034,0.543005984,0.209607952,0.644525408,0.069064272,1.337757883,Low,1.894191323,Medium & Low
Greece,6.100697089,6.369542737,5.896941105,5.62054476,5.100064829,4.742537345,4.382064591,4.046359438,4.247180084,4.12604628,Europe,0.055232542,3.178213876,1.086984722,0.098501861,0.298229853,0.346034973,1.430483804,High,5.063197826,High
Guadeloupe,3.731231161,3.944568429,3.964890007,3.699675841,3.977122719,4.297225044,4.300882965,4.319629139,4.312537886,4.174661762,North America,0.002903555,3.522645295,0.11488113,0.235247847,0.165159694,0.031404975,0.468519849,Medium,4.072242495,Medium & Low
Guinea,1.414820789,1.407078861,1.456017229,1.459349362,1.496624859,1.513929383,1.540889792,1.559587246,1.527154047,1.514518681,Africa,0.042809293,0.160081718,0.42204704,0.04017997,0.467643441,0.356235563,2.030082388,Low,1.488997025,Medium & Low
Guyana,2.253135088,2.543155913,2.59988277,2.706833234,2.609528265,3.071589774,3.312909253,3.226193022,2.66438645,2.206075877,Latin America and the Caribbean,0.066993017,1.062949993,0.639797199,0.041812905,0.779816102,0.12799975,68.23948994,Medium,2.719368965,Medium & Low
Haiti,0.59416036,0.616923803,0.599723917,0.628905812,0.660999696,0.644661266,0.615961413,0.67208839,0.65792027,0.688582959,Africa,0.031702274,0.129622175,0.319744539,0.014928128,0.104381181,0.037614492,0.330309382,Low,0.637992789,Medium & Low
Croatia,4.492794848,4.577618682,4.757312781,4.141011586,3.908486655,4.043373254,3.949078135,3.874152895,3.618650581,3.78979018,Africa,0.066960196,2.363828051,0.849332241,0.07490472,0.613793401,0.14640835,3.013220815,High,4.11522696,High
India,0.920275245,0.978697071,0.985990466,1.02236581,1.069518819,1.091698214,1.114692118,1.11799534,1.169753297,1.158076772,Asia,0.045795564,0.529872266,0.330311745,0.015772855,0.133009229,0.008144657,0.424334069,Low,1.062906315,Medium & Low
Indonesia,1.362623831,1.43248811,1.475789851,1.471204926,1.508486371,1.532730682,1.564272744,1.560521672,1.68176407,1.639532291,Asia,0.059358723,0.59150405,0.444859475,0.203816143,0.192280435,0.031122629,1.272990017,Low,1.522941455,Medium & Low
Israel,5.807535941,5.686814556,5.453147805,5.040710776,5.509983759,5.968171135,6.207942187,5.62200456,4.703557816,5.743111161,Asia,0.056511407,3.975218615,0.866472264,0.079443576,0.355494438,0.241157668,0.255585293,High,5.57429797,High
Italy,5.832834468,5.74735749,5.39163334,5.012288277,5.291252975,5.130679875,4.609495286,4.422553929,4.394729007,4.44769113,Europe,0.049281588,3.144203116,0.892556674,0.127788546,0.462654517,0.351567137,0.943176315,High,5.028051578,High
Kazakhstan,5.083070235,5.632877935,5.923353925,5.70479034,5.54850096,6.829868594,5.473907808,6.42606051,5.721845372,5.630675403,Asia,0.039785268,4.484174892,0.981488388,0.030588877,0.08646369,0.174993994,3.456491818,High,5.797495108,High
Japan,5.006170733,5.006386052,4.834436708,4.461647603,4.692077651,4.750790176,4.762636822,4.806180347,4.709773068,4.469383061,Asia,0.06071207,3.510123896,0.466761148,0.357689584,0.251439049,0.103222474,0.604534869,High,4.749948222,High
Jordan,2.223402649,2.278108792,2.075937983,1.998058179,1.8287756,1.825793797,1.977522917,1.820155954,1.88081257,1.95008823,Asia,0.067178846,1.089416477,0.508915359,0.030184984,0.144676782,0.145493219,0.19400119,Low,1.985865667,Medium & Low
Kenya,1.093937332,1.053722543,0.979906576,1.027690454,1.028774201,1.057715068,1.047925199,1.028695034,1.050442616,1.069587405,Africa,0.037971518,0.192566224,0.244667881,0.04702042,0.278171724,0.243441876,0.529132128,Low,1.043839643,Medium & Low
Kuwait,10.05653834,10.42317558,10.34532567,10.55908131,9.131245134,8.64643746,8.188942247,8.442224654,7.824258137,8.428297036,Asia,0.179409446,7.687313412,0.70770593,0.079177671,0.214464112,0.336481987,0.57689866,Very High,9.204552557,Very High
Latvia,5.699104577,6.351760576,4.783420161,4.526768796,4.443910799,5.061952566,5.113798307,5.440268506,5.839392159,6.2647067,Europe,0.049059098,1.871242284,0.806080405,0.182057328,2.301353905,0.142715295,8.566482935,High,5.352508315,High
Lao People's Democratic Republic,1.278031055,1.22315987,1.231780861,1.293515575,1.35581632,1.367043296,1.436818694,1.608659592,1.825616456,1.823374678,Asia,0.122446583,0.135561954,0.615460788,0.009859214,0.434438632,0.12661447,1.938007472,Low,1.44438164,Medium & Low
Lebanon,3.412932433,3.294980884,3.62913047,4.325630698,4.153442464,3.757909788,3.604112809,3.450513033,3.567659843,3.356310748,Asia,0.060176117,2.24007886,0.699157835,0.049501757,0.228650159,0.37769759,0.290194705,Medium,3.655262317,Medium & Low
Lesotho,1.574873119,1.570372338,1.592266544,1.641225734,1.636505688,1.631928052,1.652585607,1.414955358,1.367528335,1.264867048,Africa,0.009738903,0.477123,0.222076344,0.005909885,0.403765298,0.416097352,0.761005436,Low,1.534710782,Medium & Low
Libyan Arab Jamahiriya,3.324687247,3.025868011,3.325972562,4.007187522,4.337227421,3.104469235,4.009752946,4.441569323,4.266408068,3.900992078,Africa,0.017948547,2.478136987,0.740095206,0.088798797,0.126982199,0.322451707,0.684188341,Medium,3.774413441,Medium & Low
Lithuania,4.717848102,5.035313515,5.051994773,4.462660748,4.855413955,5.090828824,5.220534063,4.976422764,5.554164778,5.604383346,Europe,0.083335834,2.35548956,0.986401462,0.282580264,1.117825779,0.231323589,5.486382338,High,5.056956487,High
Madagascar,1.097759414,1.07260875,1.076545753,1.047366938,1.037180689,1.000881779,0.995205476,0.964134155,0.967617298,0.933960918,Africa,0.056290465,0.066157566,0.264058316,0.025278208,0.249982545,0.357559017,2.406942619,Low,1.019326117,Medium & Low
Malawi,0.736954679,0.765552037,0.766705796,0.814018373,0.800352613,0.802314266,0.82677257,0.844019651,0.808030213,0.765837386,Africa,0.051728005,0.068779675,0.415156231,0.010730255,0.205207977,0.041453615,0.579528285,Low,0.793055758,Medium & Low
Malaysia,4.477606446,4.102465266,4.280301748,3.584957494,3.812743244,3.826952657,3.883707945,4.140460448,4.228222581,3.948969932,Asia,0.079748546,2.35972074,0.678424681,0.377459661,0.407035548,0.1262496,2.344069253,High,4.028638776,High
Mali,1.486984017,1.517613161,1.523239838,1.606227234,1.540471243,1.643092188,1.524056522,1.508321867,1.545945894,1.589578547,Africa,0.063320981,0.118753511,0.521355115,0.032042698,0.162187226,0.650893521,1.531179668,Low,1.548553051,Medium & Low
Mexico,3.008613288,3.059931474,3.111176556,2.86354808,3.18456557,2.74315214,2.943030193,2.658199298,2.576149113,2.565281798,North America,0.042318278,1.676128436,0.538668878,0.070467106,0.271146348,0.272635705,1.165619429,Medium,2.871364751,Medium & Low
Mozambique,0.843386593,0.797592042,0.785087649,0.81252704,0.882448999,1.031081274,0.936084122,0.868595798,0.843441022,0.843779452,Africa,0.050993372,0.168304028,0.293676344,0.020971614,0.300386507,0.030070534,1.819350234,Low,0.864402399,Medium & Low
Moldova,1.855492248,1.648203915,2.186083339,1.594425213,1.82994225,1.749171249,1.670561273,1.788749225,1.797407437,1.555051318,Europe,0.045211212,0.91656178,0.548176795,0.049872874,0.128239425,0.079446661,0.94455996,Low,1.767508747,Medium & Low
Nepal,0.857031479,0.852200117,0.864268367,0.869505124,0.944661123,0.976264626,0.992928219,0.969462695,1.030122767,0.99688377,Asia,0.095522877,0.160819943,0.393030506,0.00307657,0.215638487,0.067244446,0.587869322,Low,0.935332829,Medium & Low
Netherlands,7.076633396,7.083905409,7.177950688,5.756397573,6.609671393,6.393037602,6.628135119,6.059112454,6.135233571,5.724419905,Europe,0.087426725,4.341441976,1.021931011,0.121247024,0.38899515,0.503407825,0.853279926,High,6.464449711,High
Macedonia TFYR,3.283825029,3.551365186,3.700329627,3.493275432,3.232675069,3.46056914,3.403161267,3.052043462,3.050214376,3.212221366,Europe,0.026486782,2.096345708,0.689970163,0.029436455,0.275214446,0.226514442,1.550285797,Medium,3.343967995,Medium & Low
Nicaragua,1.768652178,1.617507342,1.559356439,1.52235013,1.473858959,1.573914649,1.467689626,1.480573209,1.408252284,1.521273371,North America,0.042217883,0.45604564,0.323344629,0.031854515,0.434005691,0.25187446,2.192486747,Low,1.539342819,Medium & Low
Niger,1.6062561,1.695440632,1.89797609,1.48301363,1.758384428,1.762268524,1.528630376,1.595166954,1.740923806,1.69875234,Africa,0.033164341,0.076277317,0.802287404,0.015987266,0.262768591,0.486196371,1.375945334,Low,1.676681288,Medium & Low
Nigeria,1.383640816,1.269567935,1.238011264,1.171781513,1.27043404,1.174212994,1.189913891,1.184621308,1.174770638,1.136511044,Africa,0.048359268,0.248957899,0.556634111,0.067508531,0.202416735,0.095470002,0.70160734,Low,1.219346544,Medium & Low
Norway,6.476490516,7.002066721,7.073546507,6.247340649,6.989729125,6.340162793,6.088419833,6.19282619,6.103393604,5.86621456,Europe,0.050878155,3.254801082,0.869910859,1.206832946,0.754041419,0.301554589,7.354864665,High,6.43801905,High
Pakistan,0.870340632,0.926129013,0.899865938,0.913391115,0.850004609,0.825141526,0.787517137,0.797266191,0.827300856,0.8102305,Asia,0.039791896,0.372873089,0.323507633,0.015273032,0.092777977,0.006495126,0.362037019,Low,0.850718752,Medium & Low
Panama,2.924279568,2.867953162,2.882019935,2.838034046,3.019367432,3.068410565,2.487759276,2.470236749,2.35423019,2.406753581,North America,0.027520214,1.256572861,0.370651509,0.451178522,0.197114255,0.42886709,2.802224586,Medium,2.73190445,Medium & Low
Czech Republic,6.424665968,6.464982215,6.458010543,5.665143691,6.238739387,6.098782866,5.372598698,5.549074739,5.594957918,5.555835257,Europe,0.14357083,3.783739566,0.759896786,0.035650194,0.933820697,0.285601055,2.564365612,High,5.942279128,High
Paraguay,2.91771739,3.207064066,3.12717764,2.899814376,3.352197006,3.663404981,3.320711426,3.52346726,3.240272289,3.016110202,Latin America and the Caribbean,0.112036633,0.489907916,0.627824219,0.0075834,0.881209927,1.108231569,10.11198391,Medium,3.226793664,Medium & Low
Peru,2.014896043,2.078220084,2.195459857,2.115507011,2.166504356,2.299929792,2.215164169,2.322485137,2.273156142,2.395458143,Latin America and the Caribbean,0.066438298,0.617767455,0.445661207,0.383453474,0.180755912,0.513601728,3.74836616,Medium,2.207678073,Medium & Low
Philippines,1.238050296,1.247251796,1.259394734,1.228186165,1.160688191,1.153721217,1.117889872,1.040284366,1.097703177,1.150527969,Asia,0.059004025,0.375113702,0.384573437,0.225828659,0.093213778,0.031636178,0.567185785,Low,1.169369778,Medium & Low
Poland,4.469993862,4.911551084,4.869039217,4.629668101,4.814544833,4.755147845,4.474187986,4.318032395,4.383275468,4.171915343,Europe,0.076377586,2.81763724,0.81159125,0.060378883,0.77275303,0.040997625,1.952897589,High,4.579735613,High
Portugal,4.601476564,4.595292569,4.473415342,4.340231063,4.443663109,4.016314736,3.714280944,3.670580874,3.719799589,3.98640438,Latin America and the Caribbean,0.021898409,2.499694247,0.842463924,0.342899516,0.17003454,0.279155281,1.284885387,High,4.156145917,High
Guinea-Bissau,1.624783718,1.578061244,1.643289886,1.580088118,1.718640718,1.488630671,1.572904699,1.391575731,1.47592528,1.480374879,Africa,0.060473622,0.106667017,0.311903737,0.005837562,0.69480389,0.375741666,2.93497921,Low,1.555427494,Medium & Low
Eritrea,0.724817648,0.718172321,0.559274246,0.578275141,0.566811877,0.571002109,0.548928296,0.543860127,0.519715703,0.504201791,Africa,0.027640197,0.043594938,0.144279238,0.015901038,0.095437417,0.256653099,1.632366768,Low,0.583505926,Medium & Low
Qatar,15.7873047,16.96494755,16.27160308,15.43227494,14.20496739,14.05974413,13.89226694,12.57960124,14.20363038,14.58043897,Asia,0.048352391,13.27864898,0.669377609,0.220840369,0.148694352,0.431764234,1.031298337,Very High,14.79767793,Very High
Zimbabwe,1.307498844,1.274610945,1.104519414,1.134937173,1.22819063,1.302449928,1.167338448,1.127869789,1.076496296,1.070040794,Africa,0.019904476,0.371408299,0.198651507,0.007465163,0.27482205,0.307143732,0.492835387,Low,1.179395226,Medium & Low
Romania,3.240473987,3.092146017,3.44327491,2.891833245,2.884933822,3.133048351,2.830439421,2.751486584,2.782848926,2.989563584,Europe,0.125446303,1.623848684,0.740732873,0.033870813,0.401479948,0.078626263,2.715829687,Medium,3.004004885,Medium & Low
Rwanda,0.690600592,0.701923148,0.767805671,0.797285479,0.816560257,0.828760607,0.854773149,0.829780253,0.800730944,0.783169265,Africa,0.04264136,0.067934531,0.350134345,0.008086582,0.262297318,0.056044801,0.460849273,Low,0.787138937,Medium & Low
Russian Federation,5.313405384,5.501665742,5.675637991,5.173084515,5.350824358,5.898475025,5.499959889,5.595661106,5.447388757,5.119368093,Europe,0.033373066,3.681917628,0.81884949,0.183198337,0.600805409,0.139403157,6.831838471,High,5.457547086,High
Saint Lucia,3.121532514,2.729182628,2.581290335,2.630513247,2.705261957,2.550354623,2.450604113,2.263301839,2.277250005,2.229369797,North America,0.002320513,1.499504269,0.440107798,0.258906654,0.209084551,0.143942322,0.331356634,Medium,2.553866106,Medium & Low
Saudi Arabia,4.641355964,5.014300533,5.30405863,5.249074454,5.660199089,5.506280622,5.968830788,5.807285918,6.004921191,6.036214902,Asia,0.048887639,4.269427871,0.701197753,0.079406996,0.21254203,0.20778992,0.418016333,High,5.519252209,High
Sierra Leone,1.044611128,0.961200461,1.019137407,1.047696365,1.06922355,1.093033963,1.114327549,1.128675821,1.102164867,1.111543058,Africa,0.045259265,0.079107548,0.399659997,0.096604989,0.34741092,0.101118698,1.090349798,Low,1.069161417,Medium & Low
Slovenia,5.689851616,5.866344176,5.771305567,4.94950052,5.122917023,5.130994171,4.731920275,4.621412601,4.65000818,4.927387794,Europe,0.02399961,3.529890736,0.679038495,0.047155024,0.681922227,0.184158102,2.243775817,High,5.146164192,High
Slovakia,4.562937202,5.179115206,5.510417648,4.559251337,4.555197654,5.173675392,4.198032313,4.433616675,4.286909264,4.23559011,Europe,0.101167325,3.139339845,0.570887195,0.036998201,0.717156426,0.103925289,2.804706845,High,4.66947428,High
Singapore,7.215445612,6.900054958,7.622625061,7.000229293,6.74766743,7.655452515,7.584908619,6.637817991,5.961165559,6.139795243,Asia,0.034022912,5.370012952,0.553786906,0.240923803,0.513838673,0.233930983,0.059750117,High,6.946516228,High
Somalia,1.098075012,1.041310858,1.085088329,1.065758649,1.039299689,0.972075442,0.963236926,0.974589054,0.994389307,0.958856929,Africa,0.027623321,0.043002443,0.107815207,0.0043506,0.421537995,0.414938453,0.888585415,Low,1.01926802,Medium & Low
Spain,5.854259004,5.921322721,5.570609405,4.692361914,4.466184689,4.232291731,3.794038259,3.981179305,3.766869281,3.984391932,Europe,0.040259117,2.787587716,0.992803478,0.352997067,0.290313916,0.162389531,1.324162622,High,4.626350824,High
Suriname,2.547507375,2.553975283,2.607022232,3.724190414,3.830876877,4.244236566,4.4222915,4.022508864,3.594627614,3.427090813,Latin America and the Caribbean,0.093087513,2.277147609,0.511050616,0.114053754,0.441819695,0.060273567,85.45848291,Medium,3.497432754,Medium & Low
Sweden,5.446867308,6.903655024,6.201545576,5.351292383,6.658706192,6.603642776,6.248201525,6.117315202,6.502059151,6.156102624,Europe,0.125711538,3.445166711,0.917910818,0.128475371,1.180398446,0.421275893,9.723086238,High,6.218938776,High
Switzerland,5.667138096,5.886142922,5.844552782,5.466776662,5.484258225,5.415528616,5.120401893,5.158632968,4.870600271,4.747263958,Europe,0.066559465,3.888365727,0.673907541,0.075489161,0.441355835,0.220451911,1.048877672,High,5.366129639,High
Syrian Arab Republic,1.972951013,1.950656727,1.925994755,2.306165278,2.018977871,1.987435906,1.691498071,1.589015843,1.362956004,1.349514628,Asia,0.043573757,1.036109054,0.570972248,0.010653098,0.060938402,0.093270051,0.566478973,Low,1.81551661,Medium & Low
Tanzania,1.219229535,1.232913227,1.157993729,1.159483825,1.190093448,1.246695687,1.302149167,1.415098109,1.422054147,1.400579637,Africa,0.059829062,0.131723641,0.432478498,0.086225375,0.230609731,0.333762745,0.301963545,Low,1.274629051,Medium & Low
Thailand,2.359112276,2.359247856,2.377253273,2.259819766,2.425462178,2.471061093,2.716574493,2.63839699,2.432098219,2.462546826,Asia,0.067675277,1.382142183,0.588932711,0.146388374,0.249421552,0.0155972,1.208187333,Medium,2.450157297,Medium & Low
Togo,0.931964534,0.911109974,0.990275078,1.041785924,1.033197976,1.016919378,1.078805975,1.056042732,1.071706967,1.10690736,Africa,0.024525261,0.26076273,0.312536164,0.060336474,0.273606732,0.09210423,0.537418564,Low,1.02387159,Medium & Low
Oman,6.054244822,6.98123074,6.70386546,5.706633621,5.424592191,6.444020654,6.770639548,5.963208909,6.742210698,7.745229001,Asia,0.163900299,4.843419176,0.53278824,0.373832846,0.155903417,0.383743587,1.573416058,High,6.453587564,High
Tunisia,1.995896626,2.167537567,2.095455606,2.035453553,2.170013096,2.104316884,2.258519603,2.160768976,2.187527275,2.192236313,Africa,0.028567219,1.019882048,0.688366258,0.067560708,0.239042676,0.093353641,0.86534207,Low,2.13677255,Medium & Low
Turkey,3.115323407,3.267198477,3.120130828,3.024915121,3.214455246,3.392690252,3.369165563,3.273751723,3.258984206,3.344195299,Asia,0.034475874,1.854676848,0.886512119,0.035214199,0.31238446,0.114817513,1.502172157,Medium,3.238081012,Medium & Low
United Arab Emirates,12.07462221,11.91162548,12.60874431,11.06527718,9.87668029,9.435642153,9.17807275,9.538474496,10.23365273,9.702905396,Asia,0,8.536614144,0.94287306,0.247949605,0.437076557,0.398056333,0.564079186,Very High,10.5625697,Very High
Uganda,1.46901574,1.457209637,1.342516774,1.316425462,1.293183842,1.265245791,1.195936582,1.165611072,1.156183474,1.088297345,Africa,0.035274536,0.086570068,0.326138281,0.128169539,0.541281607,0.157528541,0.507058746,Low,1.274962572,Medium & Low
United Kingdom,6.179953854,6.188827948,5.915784416,5.851318709,5.309556484,4.978033908,4.84634676,4.876524249,4.710708926,4.59470357,Europe,0.144073941,3.562803497,0.762961949,0.090878254,0.500837877,0.283620364,1.176142767,High,5.345175882,High
United States of America,10.14441206,9.955744342,9.416430716,8.607056561,8.938699203,8.506099363,8.152927344,8.382610937,8.325227616,8.171648444,North America,0.077902259,6.494176797,0.94634827,0.124246302,0.882377555,0.335034475,3.574581832,Very High,8.860085659,Very High
Burkina Faso,1.269873038,1.097067414,1.341931684,1.199632868,1.293016636,1.180730543,1.234710004,1.246335081,1.304235901,1.2063434,Africa,0.060238317,0.105850363,0.510074378,0.021899668,0.365669035,0.173655896,1.010779065,Low,1.237387657,Medium & Low
Uzbekistan,2.148856995,2.188833986,2.255365667,2.149159114,2.120787343,2.231224765,2.213196086,2.081724323,2.124997772,1.996040828,Asia,0.074409705,1.346463926,0.531797066,0.002919666,0.068399179,0.127029147,0.86505366,Low,2.151018688,Medium & Low
Venezuela,3.003740629,3.125518111,3.85120335,3.772968108,3.654990018,3.330943983,3.563129094,3.296858268,3.267336243,2.845779976,Latin America and the Caribbean,0.037328721,1.900939251,0.44509053,0.102588184,0.136165445,0.749134647,0.556154093,Medium,3.371246778,Medium & Low
Viet Nam,1.333847038,1.446917751,1.520738412,1.562382022,1.678981973,1.655531883,1.603720899,1.699405388,1.786656465,2.017049062,Asia,0.103449814,0.747204801,0.530711254,0.043517011,0.187813707,0.017826502,1.050702285,Low,1.630523089,Medium & Low
Ethiopia,0.9732371,0.9784818,0.99186405,1.023103064,1.030827013,1.018763419,1.018489002,1.042027163,1.063168804,1.090687437,Africa,0.058005841,0.072141052,0.299639729,0.001282718,0.471917378,0.120078168,0.633734129,Low,1.023064885,Medium & Low
Yemen,0.99725424,1.039527373,0.922785389,1.018535814,0.987671783,0.850911896,0.961567772,1.001406108,1.043798359,0.713160724,Africa,0.031381328,0.428308128,0.274104758,0.041227336,0.031411123,0.147229273,0.405619119,Low,0.953661946,Medium & Low
Zambia,0.901241535,0.820127154,0.823848514,0.896287457,0.883371298,0.883909006,0.99555896,1.011277628,0.971544462,0.94038078,Africa,0.035642148,0.189384397,0.186494695,0.020041325,0.332346526,0.148845589,1.936824538,Low,0.912754679,Medium & Low
Belgium,7.868170403,7.81718662,7.631625991,7.139026682,7.207645391,6.950840662,7.230372112,7.127673692,6.917117129,6.392112518,Europe,0.180442305,4.491955665,1.25459541,0.10519903,0.720661362,0.475323349,0.918195699,High,7.22817712,High
Luxembourg,15.29110398,14.32572267,15.48191055,14.0320627,15.57514286,15.20606238,13.94614704,13.52110146,12.72708074,12.80726812,Europe,0.105030689,10.77981967,1.090299131,0.130552211,1.457918199,0.727740355,1.35211397,Very High,14.29136025,Very High
Serbia,3.208260684,3.083758901,3.30084691,2.980411708,3.042826149,3.245224541,2.936015398,3.076084119,2.913285397,2.873771387,Europe,0.05706561,1.812157112,0.73529901,0.028428359,0.416414869,0.01668356,1.500646679,Medium,3.066048519,Medium & Low
Montenegro,3.203356668,3.799537818,4.666622665,3.326661536,3.861472602,3.700742432,3.683161208,3.388229098,3.575173914,3.726974917,Europe,0.012001691,2.225911853,0.601948417,0.050634987,0.457828768,0.344867571,3.018439329,Medium,3.693193286,Medium & Low
China,2.735976757,2.858916631,2.957753557,3.19946422,3.359293615,3.551615567,3.623613058,3.720311605,3.687315135,3.660463242,Asia,0.113120696,2.295407014,0.537107638,0.079808675,0.180304171,0.129724145,0.955225525,Medium,3.335472339,Medium & Low